Month,NEIGHBORHOOD,Total,Homicide,Rape,Robbery,AggAssault,Burglary,Larceny,AutoTheft,Arson
january,ARMATAGE,5,0,0,0,1,1,2,1,0
january,"AUDUBON PARK",11,0,0,0,2,7,1,1,0
january,BANCROFT,12,0,1,1,0,6,2,2,0
january,BELTRAMI,3,0,0,0,1,0,1,1,0
january,BOTTINEAU,5,0,0,0,0,2,2,1,0
january,BRYANT,10,0,0,2,0,2,4,2,0
january,"BRYN - MAWR",3,0,0,0,0,0,3,0,0
january,"CAMDEN INDUSTRIAL",4,0,0,1,0,1,2,0,0
january,CARAG,13,0,1,0,1,2,9,0,0
january,"CEDAR - ISLES - DEAN",6,0,0,0,0,0,6,0,0
january,"CEDAR RIVERSIDE",30,0,1,1,1,3,16,8,0
january,CENTRAL,34,0,1,3,4,11,12,3,0
january,CLEVELAND,15,0,0,1,6,4,4,0,0
january,"COLUMBIA PARK",2,0,0,0,0,1,1,0,0
january,COMO,13,0,0,0,2,1,9,1,0
january,COOPER,4,0,0,0,1,1,2,0,0
january,CORCORAN,27,0,1,3,1,11,11,0,0
january,"DIAMOND LAKE",9,0,0,1,1,3,4,0,0
january,"DOWNTOWN EAST",6,0,0,0,0,1,4,1,0
january,"DOWNTOWN WEST",227,0,3,12,10,13,185,4,0
january,"EAST HARRIET",4,0,0,0,0,1,3,0,0
january,"EAST ISLES",10,0,0,0,0,1,9,0,0
january,"EAST PHILLIPS",21,0,2,4,4,3,4,4,0
january,ECCO,18,0,0,2,0,4,11,1,0
january,"ELLIOT PARK",33,0,0,2,5,2,20,4,0
january,ERICSSON,9,0,0,0,0,3,6,0,0
january,FIELD,2,0,0,0,0,1,0,1,0
january,FOLWELL,44,0,1,7,6,18,10,2,0
january,FULTON,8,0,0,0,0,2,6,0,0
january,HALE,2,0,0,0,0,2,0,0,0
january,HARRISON,15,0,0,2,0,3,5,4,1
january,HAWTHORNE,38,0,0,6,7,3,15,7,0
january,HIAWATHA,16,0,0,0,0,8,8,0,0
january,HOLLAND,14,0,0,0,1,4,6,3,0
january,HOWE,9,0,0,1,1,3,4,0,0
january,"HUMBOLDT INDUSTRIAL AREA",1,0,0,0,1,0,0,0,0
january,JORDAN,56,0,0,4,11,13,23,5,0
january,KEEWAYDIN,6,0,0,0,0,2,4,0,0
january,KENNY,1,0,0,0,0,1,0,0,0
january,"KING FIELD",17,1,0,0,0,10,5,1,0
january,"LIND - BOHANON",18,0,0,2,2,6,4,4,0
january,"LINDEN HILLS",8,0,0,0,0,2,6,0,0
january,"LOGAN PARK",7,0,0,0,1,0,6,0,0
january,LONGFELLOW,37,0,0,0,3,7,25,1,1
january,"LORING PARK",30,0,0,2,4,2,21,1,0
january,"LOWRY HILL",3,0,0,0,0,0,3,0,0
january,"LOWRY HILL EAST",34,0,0,1,0,3,26,4,0
january,LYNDALE,22,0,0,2,1,4,11,4,0
january,LYNNHURST,8,0,0,0,1,5,2,0,0
january,"MARCY HOLMES",26,0,2,2,0,3,16,3,0
january,"MARSHALL TERRACE",1,0,0,0,0,1,0,0,0
january,MCKINLEY,13,1,1,1,1,3,5,1,0
january,"MID - CITY INDUSTRIAL",7,0,0,0,0,1,5,1,0
january,"MIDTOWN PHILLIPS",38,0,2,3,4,5,20,4,0
january,MINNEHAHA,9,0,1,0,0,2,6,0,0
january,"MORRIS PARK",1,0,0,0,0,0,0,1,0
january,"NEAR - NORTH",56,0,0,14,8,6,27,1,0
january,"NICOLLET ISLAND - EAST BANK",10,0,0,0,0,1,8,1,0
january,"NORTH LOOP",32,0,0,2,3,3,24,0,0
january,"NORTHEAST PARK",10,0,1,0,0,2,7,0,0
january,NORTHROP,12,0,0,2,2,2,5,1,0
january,PAGE,3,0,1,0,0,1,1,0,0
january,"PHILLIPS WEST",11,0,0,1,0,0,9,1,0
january,"POWDERHORN PARK",34,0,1,3,2,8,11,9,0
january,"PROSPECT PARK - EAST RIVER ROAD",15,0,1,1,0,3,8,2,0
january,REGINA,5,0,0,0,0,3,2,0,0
january,SEWARD,19,0,0,2,1,10,5,1,0
january,SHERIDAN,4,0,0,0,0,1,3,0,0
january,"SHINGLE CREEK",4,0,0,0,0,1,1,2,0
january,"ST. ANTHONY EAST",5,0,0,1,0,1,3,0,0
january,"ST. ANTHONY WEST",4,0,0,1,0,1,2,0,0
january,STANDISH,16,0,0,2,1,8,4,1,0
january,"STEVENS SQUARE - LORING HEIGHTS",21,0,0,1,3,0,16,1,0
january,"SUMNER - GLENWOOD",6,0,0,0,0,2,2,2,0
january,TANGLETOWN,16,0,0,0,0,7,8,1,0
january,"UNIVERSITY OF MINNESOTA",4,0,0,1,0,0,2,1,0
january,"VENTURA VILLAGE",35,0,2,7,7,4,14,1,0
january,VICTORY,18,0,0,1,2,8,6,1,0
january,"WAITE PARK",6,0,0,0,1,0,4,1,0
january,"WEBBER - CAMDEN",29,0,0,9,4,5,6,4,1
january,WENONAH,7,0,0,1,3,2,1,0,0
january,WHITTIER,54,0,2,5,9,7,24,7,0
january,"WILLARD - HAY",32,0,1,4,7,7,8,3,2
january,WINDOM,12,0,1,0,1,2,7,1,0
january,"WINDOM PARK",10,0,0,1,1,0,8,0,0
february,ARMATAGE,1,0,0,0,0,1,0,0,0
february,"AUDUBON PARK",9,0,0,0,0,2,6,1,0
february,BANCROFT,7,0,0,0,1,5,1,0,0
february,BELTRAMI,3,0,0,0,0,1,2,0,0
february,BOTTINEAU,1,0,0,0,0,1,0,0,0
february,BRYANT,6,0,0,0,0,2,3,1,0
february,"BRYN - MAWR",3,0,0,0,0,0,2,1,0
february,"CAMDEN INDUSTRIAL",1,0,0,0,0,0,1,0,0
february,CARAG,12,0,0,0,0,1,11,0,0
february,"CEDAR - ISLES - DEAN",6,0,0,0,0,0,6,0,0
february,"CEDAR RIVERSIDE",16,0,1,1,1,2,9,2,0
february,CENTRAL,27,0,0,5,2,3,14,3,0
february,CLEVELAND,9,0,0,5,0,0,2,2,0
february,"COLUMBIA PARK",3,0,0,0,0,2,0,1,0
february,COMO,14,0,0,1,0,3,9,1,0
february,COOPER,7,0,0,0,0,2,5,0,0
february,CORCORAN,15,0,0,1,0,3,9,2,0
february,"DIAMOND LAKE",7,0,0,1,0,3,3,0,0
february,"DOWNTOWN EAST",6,0,1,0,0,3,2,0,0
february,"DOWNTOWN WEST",200,0,3,14,9,4,168,2,0
february,"EAST HARRIET",3,0,0,0,0,2,1,0,0
february,"EAST ISLES",15,0,1,0,0,0,13,1,0
february,"EAST PHILLIPS",14,0,0,2,4,3,4,1,0
february,ECCO,15,0,0,0,0,0,15,0,0
february,"ELLIOT PARK",29,0,1,1,4,6,16,1,0
february,ERICSSON,3,0,0,0,0,1,2,0,0
february,FIELD,1,0,0,0,0,0,1,0,0
february,FOLWELL,25,0,1,4,1,8,5,6,0
february,FULTON,5,0,0,0,1,2,1,1,0
february,HALE,1,0,0,0,0,1,0,0,0
february,HARRISON,12,0,0,0,2,1,5,4,0
february,HAWTHORNE,36,0,1,5,6,6,14,3,1
february,HIAWATHA,9,0,0,0,0,4,5,0,0
february,HOLLAND,13,0,0,1,0,4,6,2,0
february,HOWE,11,1,0,0,1,6,2,1,0
february,JORDAN,36,1,2,4,6,9,12,1,1
february,KEEWAYDIN,2,0,0,0,0,0,2,0,0
february,KENNY,2,0,0,0,0,2,0,0,0
february,KENWOOD,3,0,0,0,0,3,0,0,0
february,"KING FIELD",9,0,0,0,0,3,6,0,0
february,"LIND - BOHANON",16,0,1,1,0,4,7,3,0
february,"LINDEN HILLS",5,0,0,0,0,2,3,0,0
february,"LOGAN PARK",9,0,1,1,0,2,5,0,0
february,LONGFELLOW,31,0,0,0,0,10,19,2,0
february,"LORING PARK",22,0,0,2,1,4,15,0,0
february,"LOWRY HILL",6,0,0,0,0,1,5,0,0
february,"LOWRY HILL EAST",18,0,0,0,0,4,14,0,0
february,LYNDALE,27,0,0,0,0,5,19,3,0
february,LYNNHURST,1,0,0,0,0,0,1,0,0
february,"MARCY HOLMES",28,0,1,1,0,8,16,2,0
february,"MARSHALL TERRACE",3,0,0,0,0,2,0,1,0
february,MCKINLEY,7,0,0,1,1,2,1,2,0
february,"MID - CITY INDUSTRIAL",6,0,0,0,0,1,4,1,0
february,"MIDTOWN PHILLIPS",18,0,1,1,1,4,9,2,0
february,MINNEHAHA,6,0,0,1,0,2,3,0,0
february,"MORRIS PARK",1,0,1,0,0,0,0,0,0
february,"NEAR - NORTH",35,0,0,1,6,6,13,9,0
february,"NICOLLET ISLAND - EAST BANK",6,0,0,0,0,0,6,0,0
february,"NORTH LOOP",12,0,0,0,0,0,12,0,0
february,"NORTHEAST PARK",9,0,0,2,0,0,7,0,0
february,NORTHROP,8,0,0,0,1,1,5,0,1
february,PAGE,2,0,0,0,0,0,2,0,0
february,"PHILLIPS WEST",14,0,0,1,0,3,9,1,0
february,"POWDERHORN PARK",38,0,0,4,3,8,18,5,0
february,"PROSPECT PARK - EAST RIVER ROAD",24,0,1,0,1,8,9,5,0
february,REGINA,8,0,0,1,0,2,5,0,0
february,SEWARD,29,0,1,2,1,10,14,1,0
february,SHERIDAN,6,0,0,0,0,3,3,0,0
february,"SHINGLE CREEK",15,0,1,0,0,10,1,3,0
february,"ST. ANTHONY EAST",3,0,0,0,0,0,2,1,0
february,"ST. ANTHONY WEST",3,0,1,0,0,0,2,0,0
february,STANDISH,11,0,0,0,0,6,4,1,0
february,"STEVENS SQUARE - LORING HEIGHTS",14,0,0,2,0,1,10,1,0
february,"SUMNER - GLENWOOD",4,0,0,1,0,0,3,0,0
february,TANGLETOWN,3,0,0,0,1,1,1,0,0
february,"UNIVERSITY OF MINNESOTA",3,0,0,0,0,0,3,0,0
february,"VENTURA VILLAGE",26,0,2,3,2,4,11,4,0
february,VICTORY,12,0,2,2,1,0,6,1,0
february,"WAITE PARK",4,0,0,1,0,1,0,2,0
february,"WEBBER - CAMDEN",19,0,0,3,3,4,5,4,0
february,WENONAH,8,0,0,0,1,2,5,0,0
february,"WEST CALHOUN",1,0,0,0,0,0,1,0,0
february,WHITTIER,51,0,0,4,3,11,30,3,0
february,"WILLARD - HAY",20,0,0,3,5,3,5,4,0
february,WINDOM,17,0,0,1,4,3,9,0,0
february,"WINDOM PARK",12,0,0,1,2,3,6,0,0
march,ARMATAGE,5,0,0,1,1,1,2,0,0
march,"AUDUBON PARK",14,0,0,3,2,3,5,1,0
march,BANCROFT,3,0,0,0,0,1,0,2,0
march,BELTRAMI,3,0,0,0,0,0,0,3,0
march,BOTTINEAU,8,0,0,0,0,3,4,0,1
march,BRYANT,3,0,0,1,1,0,0,1,0
march,"BRYN - MAWR",10,0,0,0,0,2,8,0,0
march,"CAMDEN INDUSTRIAL",1,0,0,0,0,0,1,0,0
march,CARAG,27,0,0,5,1,7,14,0,0
march,"CEDAR - ISLES - DEAN",10,0,0,0,1,3,6,0,0
march,"CEDAR RIVERSIDE",31,0,1,4,7,2,16,1,0
march,CENTRAL,29,0,1,2,1,4,17,3,1
march,CLEVELAND,11,0,0,1,2,3,4,1,0
march,"COLUMBIA PARK",2,0,0,0,0,1,0,1,0
march,COMO,14,0,0,1,1,6,5,1,0
march,COOPER,3,0,0,0,0,2,1,0,0
march,CORCORAN,22,0,1,3,0,5,12,1,0
march,"DIAMOND LAKE",6,0,0,0,0,1,4,1,0
march,"DOWNTOWN EAST",7,0,0,0,1,1,5,0,0
march,"DOWNTOWN WEST",219,0,3,11,15,4,185,1,0
march,"EAST HARRIET",6,0,0,0,0,3,3,0,0
march,"EAST ISLES",8,0,0,0,0,0,7,0,1
march,"EAST PHILLIPS",29,1,0,7,3,4,12,2,0
march,ECCO,12,0,0,0,0,1,10,1,0
march,"ELLIOT PARK",39,0,0,4,6,6,17,6,0
march,ERICSSON,4,0,0,0,0,1,2,1,0
march,FIELD,10,0,0,0,1,4,5,0,0
march,FOLWELL,35,0,1,5,7,6,11,4,1
march,FULTON,8,0,0,1,0,0,6,1,0
march,HALE,3,0,0,0,0,1,2,0,0
march,HARRISON,18,0,0,1,4,7,4,2,0
march,HAWTHORNE,37,0,0,5,2,5,15,9,1
march,HIAWATHA,16,0,0,1,0,5,10,0,0
march,HOLLAND,17,0,0,0,4,2,9,2,0
march,HOWE,16,0,0,0,2,6,8,0,0
march,"HUMBOLDT INDUSTRIAL AREA",2,0,0,0,0,0,1,1,0
march,JORDAN,58,1,1,9,5,8,27,7,0
march,KEEWAYDIN,1,0,0,0,0,0,1,0,0
march,KENNY,1,0,0,0,0,1,0,0,0
march,KENWOOD,1,0,0,0,0,0,1,0,0
march,"KING FIELD",10,0,0,1,1,6,2,0,0
march,"LIND - BOHANON",16,0,0,0,4,3,6,3,0
march,"LINDEN HILLS",17,0,1,0,0,3,13,0,0
march,"LOGAN PARK",4,0,0,1,1,0,2,0,0
march,LONGFELLOW,35,0,0,1,2,5,26,1,0
march,"LORING PARK",30,0,0,3,3,3,20,1,0
march,"LOWRY HILL",8,0,0,0,0,0,6,2,0
march,"LOWRY HILL EAST",32,0,0,1,1,7,21,2,0
march,LYNDALE,26,0,0,5,0,6,12,3,0
march,LYNNHURST,4,0,0,1,0,1,2,0,0
march,"MARCY HOLMES",25,0,2,0,0,3,18,2,0
march,"MARSHALL TERRACE",6,0,0,0,1,0,5,0,0
march,MCKINLEY,19,0,0,2,0,5,9,3,0
march,"MID - CITY INDUSTRIAL",4,0,0,0,0,1,2,1,0
march,"MIDTOWN PHILLIPS",32,0,0,10,1,4,14,3,0
march,MINNEHAHA,6,0,0,0,0,1,4,1,0
march,"MORRIS PARK",2,0,0,0,2,0,0,0,0
march,"NEAR - NORTH",52,0,2,6,4,8,25,7,0
march,"NICOLLET ISLAND - EAST BANK",7,0,0,0,0,0,6,1,0
march,"NORTH LOOP",19,0,0,1,3,0,14,1,0
march,"NORTHEAST PARK",11,0,0,0,0,1,9,1,0
march,NORTHROP,10,0,1,0,4,4,1,0,0
march,"PHILLIPS WEST",26,0,0,4,1,3,14,4,0
march,"POWDERHORN PARK",42,0,0,11,4,7,17,3,0
march,"PROSPECT PARK - EAST RIVER ROAD",20,0,0,1,0,4,13,2,0
march,REGINA,6,0,1,0,0,3,2,0,0
march,SEWARD,29,0,0,2,0,14,11,2,0
march,SHERIDAN,5,0,0,0,0,2,3,0,0
march,"SHINGLE CREEK",7,0,0,1,0,2,3,1,0
march,"ST. ANTHONY EAST",7,0,0,1,0,1,4,1,0
march,"ST. ANTHONY WEST",2,0,1,0,0,0,1,0,0
march,STANDISH,15,0,0,0,0,8,4,3,0
march,"STEVENS SQUARE - LORING HEIGHTS",13,0,1,1,2,1,7,1,0
march,"SUMNER - GLENWOOD",3,0,0,0,0,0,3,0,0
march,TANGLETOWN,12,0,0,0,2,2,8,0,0
march,"UNIVERSITY OF MINNESOTA",6,0,0,0,0,1,5,0,0
march,"VENTURA VILLAGE",32,0,1,10,1,10,9,1,0
march,VICTORY,8,0,0,0,2,3,2,1,0
march,"WAITE PARK",6,0,0,0,0,2,4,0,0
march,"WEBBER - CAMDEN",33,0,1,8,5,8,6,5,0
march,WENONAH,12,0,1,0,1,2,8,0,0
march,"WEST CALHOUN",4,0,0,0,0,2,1,1,0
march,WHITTIER,56,0,3,5,4,5,35,2,2
march,"WILLARD - HAY",44,0,3,5,11,6,11,8,0
march,WINDOM,10,0,1,1,1,1,5,1,0
march,"WINDOM PARK",16,0,0,0,1,5,10,0,0
april,ARMATAGE,3,0,0,0,0,2,1,0,0
april,"AUDUBON PARK",6,0,1,1,0,2,1,1,0
april,BANCROFT,11,0,0,1,1,5,3,0,1
april,BELTRAMI,6,0,0,0,0,1,4,1,0
april,BOTTINEAU,10,0,0,0,0,0,9,1,0
april,BRYANT,7,0,0,2,1,1,3,0,0
april,"BRYN - MAWR",14,0,0,0,0,2,10,2,0
april,CARAG,27,0,0,2,0,5,18,2,0
april,"CEDAR - ISLES - DEAN",9,0,0,0,1,3,5,0,0
april,"CEDAR RIVERSIDE",20,0,2,3,0,2,11,2,0
april,CENTRAL,23,0,0,4,2,2,15,0,0
april,CLEVELAND,12,0,0,2,1,3,4,2,0
april,"COLUMBIA PARK",5,0,0,0,1,2,2,0,0
april,COMO,10,0,1,0,0,2,5,2,0
april,COOPER,8,0,0,2,1,2,2,1,0
april,CORCORAN,28,0,0,1,4,7,16,0,0
april,"DIAMOND LAKE",10,0,0,0,0,4,5,1,0
april,"DOWNTOWN EAST",7,0,0,0,0,1,6,0,0
april,"DOWNTOWN WEST",231,0,3,12,6,7,193,10,0
april,"EAST HARRIET",4,0,0,0,0,1,3,0,0
april,"EAST ISLES",12,0,0,1,1,3,6,1,0
april,"EAST PHILLIPS",31,0,0,9,4,5,12,1,0
april,ECCO,14,0,0,1,0,2,11,0,0
april,"ELLIOT PARK",29,0,0,1,7,4,16,1,0
april,ERICSSON,7,0,0,1,1,3,1,1,0
april,FIELD,13,0,0,0,0,10,3,0,0
april,FOLWELL,34,0,0,3,9,10,7,5,0
april,FULTON,5,0,0,0,1,2,2,0,0
april,HALE,2,0,0,0,0,0,1,1,0
april,HARRISON,12,0,0,0,1,5,2,2,2
april,HAWTHORNE,35,0,0,4,8,7,11,5,0
april,HIAWATHA,15,0,0,0,0,3,12,0,0
april,HOLLAND,25,0,2,2,3,4,10,4,0
april,HOWE,17,0,0,0,0,9,8,0,0
april,JORDAN,40,0,0,5,9,4,18,4,0
april,KEEWAYDIN,10,0,0,1,0,1,7,0,1
april,KENNY,3,0,0,0,1,1,1,0,0
april,KENWOOD,2,0,0,0,0,1,1,0,0
april,"KING FIELD",10,0,0,0,0,6,4,0,0
april,"LIND - BOHANON",29,0,0,2,6,8,10,3,0
april,"LINDEN HILLS",4,0,0,0,0,1,3,0,0
april,"LOGAN PARK",5,0,0,0,0,0,5,0,0
april,LONGFELLOW,39,2,1,1,1,7,25,2,0
april,"LORING PARK",37,0,0,2,2,3,26,4,0
april,"LOWRY HILL",12,0,0,0,0,1,11,0,0
april,"LOWRY HILL EAST",31,0,0,1,0,4,23,3,0
april,LYNDALE,31,0,1,5,5,4,15,1,0
april,"MARCY HOLMES",35,0,1,1,2,4,18,9,0
april,"MARSHALL TERRACE",6,0,0,0,0,1,4,1,0
april,MCKINLEY,22,0,0,4,0,7,8,3,0
april,"MID - CITY INDUSTRIAL",9,0,0,0,1,2,4,2,0
april,"MIDTOWN PHILLIPS",31,0,1,5,1,3,20,1,0
april,MINNEHAHA,15,0,0,1,1,1,11,1,0
april,"MORRIS PARK",2,0,0,0,0,1,1,0,0
april,"NEAR - NORTH",51,1,3,3,6,8,23,6,1
april,"NICOLLET ISLAND - EAST BANK",13,0,0,2,0,0,9,2,0
april,"NORTH LOOP",36,0,0,1,5,1,25,4,0
april,"NORTHEAST PARK",9,0,0,0,1,2,5,1,0
april,NORTHROP,5,0,0,0,0,1,4,0,0
april,PAGE,4,0,0,0,0,1,3,0,0
april,"PHILLIPS WEST",25,0,0,4,3,3,13,2,0
april,"POWDERHORN PARK",35,0,2,9,4,5,13,2,0
april,"PROSPECT PARK - EAST RIVER ROAD",26,0,0,1,0,2,10,13,0
april,REGINA,6,0,0,1,0,2,3,0,0
april,SEWARD,36,0,1,4,2,10,17,2,0
april,SHERIDAN,7,0,0,0,1,0,5,1,0
april,"SHINGLE CREEK",7,0,0,1,1,1,4,0,0
april,"ST. ANTHONY EAST",2,0,0,0,0,0,2,0,0
april,"ST. ANTHONY WEST",8,0,0,3,0,3,2,0,0
april,STANDISH,19,0,0,2,0,12,5,0,0
april,"STEVENS SQUARE - LORING HEIGHTS",12,0,0,1,3,1,7,0,0
april,"SUMNER - GLENWOOD",4,0,0,1,3,0,0,0,0
april,TANGLETOWN,11,0,0,1,1,4,5,0,0
april,"UNIVERSITY OF MINNESOTA",6,0,0,0,0,1,4,1,0
april,"VENTURA VILLAGE",41,0,1,10,0,7,18,4,1
april,VICTORY,14,0,1,0,0,8,4,1,0
april,"WAITE PARK",10,0,0,1,1,3,4,1,0
april,"WEBBER - CAMDEN",23,0,0,2,4,9,7,1,0
april,WENONAH,6,0,1,2,0,0,3,0,0
april,"WEST CALHOUN",2,0,0,0,0,0,2,0,0
april,WHITTIER,64,0,2,9,2,10,39,1,1
april,"WILLARD - HAY",36,0,1,4,10,6,11,4,0
april,WINDOM,9,0,0,0,2,1,6,0,0
april,"WINDOM PARK",5,0,0,1,0,2,2,0,0
may,ARMATAGE,4,0,0,0,0,0,4,0,0
may,"AUDUBON PARK",24,0,0,2,0,7,12,3,0
may,BANCROFT,7,0,0,0,0,2,5,0,0
may,BELTRAMI,5,0,0,0,1,2,2,0,0
may,BOTTINEAU,11,0,0,1,0,4,6,0,0
may,BRYANT,12,0,0,2,0,3,7,0,0
may,"BRYN - MAWR",12,0,0,0,0,5,7,0,0
may,"CAMDEN INDUSTRIAL",3,0,0,0,0,1,2,0,0
may,CARAG,23,0,0,3,0,8,12,0,0
may,"CEDAR - ISLES - DEAN",15,0,0,0,1,4,9,1,0
may,"CEDAR RIVERSIDE",34,0,0,6,3,4,17,4,0
may,CENTRAL,32,0,1,4,5,7,13,1,1
may,CLEVELAND,16,0,0,0,4,7,5,0,0
may,"COLUMBIA PARK",6,0,0,0,0,3,3,0,0
may,COMO,16,0,1,0,0,2,11,2,0
may,COOPER,7,0,0,0,0,3,4,0,0
may,CORCORAN,19,0,0,3,1,1,12,2,0
may,"DIAMOND LAKE",14,0,0,1,1,2,9,1,0
may,"DOWNTOWN EAST",12,0,1,0,1,1,9,0,0
may,"DOWNTOWN WEST",234,0,3,14,21,1,191,4,0
may,"EAST HARRIET",9,0,1,0,0,2,6,0,0
may,"EAST ISLES",30,0,0,2,2,3,19,4,0
may,"EAST PHILLIPS",38,0,0,6,7,5,18,2,0
may,ECCO,14,0,0,0,0,6,8,0,0
may,"ELLIOT PARK",61,0,2,4,2,3,43,7,0
may,ERICSSON,8,0,0,0,0,5,2,1,0
may,FIELD,3,0,0,0,1,1,1,0,0
may,FOLWELL,39,0,3,5,4,15,10,2,0
may,FULTON,7,0,0,0,0,5,2,0,0
may,HALE,4,0,0,0,0,1,3,0,0
may,HARRISON,28,0,0,0,6,10,10,1,1
may,HAWTHORNE,56,0,0,6,13,9,22,5,1
may,HIAWATHA,18,0,1,1,0,2,14,0,0
may,HOLLAND,20,0,0,2,3,2,13,0,0
may,HOWE,17,0,0,0,1,10,5,1,0
may,"HUMBOLDT INDUSTRIAL AREA",1,0,0,0,0,0,1,0,0
may,JORDAN,84,1,3,11,14,22,32,0,1
may,KEEWAYDIN,9,0,0,0,0,4,3,1,1
may,KENNY,2,0,0,0,0,1,0,1,0
may,KENWOOD,7,0,0,0,0,3,3,1,0
may,"KING FIELD",16,0,0,1,2,5,8,0,0
may,"LIND - BOHANON",22,0,2,0,5,3,5,7,0
may,"LINDEN HILLS",12,0,0,0,0,4,8,0,0
may,"LOGAN PARK",10,0,0,0,0,1,8,1,0
may,LONGFELLOW,49,0,2,2,4,10,30,1,0
may,"LORING PARK",43,0,0,4,7,0,26,6,0
may,"LOWRY HILL",14,0,0,1,0,3,10,0,0
may,"LOWRY HILL EAST",45,0,0,1,0,7,36,1,0
may,LYNDALE,36,0,0,2,3,6,25,0,0
may,LYNNHURST,11,0,0,0,0,6,5,0,0
may,"MARCY HOLMES",49,0,1,5,1,9,27,6,0
may,"MARSHALL TERRACE",4,0,0,0,0,1,2,1,0
may,MCKINLEY,32,0,1,1,5,9,10,3,3
may,"MID - CITY INDUSTRIAL",4,0,0,0,0,1,3,0,0
may,"MIDTOWN PHILLIPS",40,0,3,0,3,6,28,0,0
may,MINNEHAHA,7,0,0,0,0,1,5,1,0
may,"MORRIS PARK",7,0,0,1,0,3,3,0,0
may,"NEAR - NORTH",89,0,0,6,10,20,47,4,2
may,"NICOLLET ISLAND - EAST BANK",7,0,0,1,0,2,4,0,0
may,"NORTH LOOP",39,0,0,1,1,1,35,1,0
may,"NORTHEAST PARK",15,0,0,0,2,0,12,1,0
may,NORTHROP,14,0,0,1,1,3,9,0,0
may,PAGE,1,0,0,0,0,1,0,0,0
may,"PHILLIPS WEST",21,0,0,2,2,3,12,2,0
may,"POWDERHORN PARK",44,0,3,6,3,4,27,1,0
may,"PROSPECT PARK - EAST RIVER ROAD",16,0,0,1,0,3,11,1,0
may,REGINA,10,0,0,3,0,4,3,0,0
may,SEWARD,41,0,0,1,6,14,20,0,0
may,SHERIDAN,24,0,0,0,0,14,8,2,0
may,"SHINGLE CREEK",8,0,0,1,1,2,4,0,0
may,"ST. ANTHONY EAST",9,0,0,1,0,5,2,1,0
may,"ST. ANTHONY WEST",4,0,0,0,0,1,2,1,0
may,STANDISH,22,0,1,4,0,11,6,0,0
may,"STEVENS SQUARE - LORING HEIGHTS",18,0,0,1,2,1,12,2,0
may,"SUMNER - GLENWOOD",5,0,0,0,0,1,3,1,0
may,TANGLETOWN,10,0,0,0,0,2,7,1,0
may,"UNIVERSITY OF MINNESOTA",8,0,0,0,1,0,6,1,0
may,"VENTURA VILLAGE",37,0,0,6,3,2,22,2,2
may,VICTORY,9,0,0,0,0,2,6,0,1
may,"WAITE PARK",11,0,0,0,0,10,1,0,0
may,"WEBBER - CAMDEN",37,0,1,3,7,11,14,1,0
may,WENONAH,10,0,0,0,0,0,9,0,1
may,"WEST CALHOUN",12,0,0,0,0,4,8,0,0
may,WHITTIER,93,0,1,6,8,11,57,10,0
may,"WILLARD - HAY",55,0,0,11,8,11,16,9,0
may,WINDOM,15,0,0,0,2,4,7,2,0
may,"WINDOM PARK",22,0,0,0,5,8,8,1,0
june,ARMATAGE,4,0,0,0,1,2,1,0,0
june,"AUDUBON PARK",17,0,1,0,1,1,13,1,0
june,BANCROFT,20,0,0,1,0,6,9,4,0
june,BELTRAMI,9,0,0,1,0,3,3,2,0
june,BOTTINEAU,16,0,0,2,1,2,9,2,0
june,BRYANT,12,0,0,0,1,3,6,2,0
june,"BRYN - MAWR",8,0,0,0,1,2,5,0,0
june,"CAMDEN INDUSTRIAL",3,0,0,1,0,1,1,0,0
june,CARAG,34,0,0,1,1,5,24,3,0
june,"CEDAR - ISLES - DEAN",35,0,0,0,0,8,27,0,0
june,"CEDAR RIVERSIDE",28,0,0,5,3,3,16,1,0
june,CENTRAL,42,0,0,3,4,6,25,4,0
june,CLEVELAND,23,0,0,5,3,4,5,6,0
june,"COLUMBIA PARK",8,0,0,1,0,1,6,0,0
june,COMO,18,0,1,1,1,6,7,2,0
june,COOPER,26,0,0,0,0,8,16,2,0
june,CORCORAN,12,0,0,3,0,2,7,0,0
june,"DIAMOND LAKE",10,0,0,1,0,0,9,0,0
june,"DOWNTOWN EAST",13,0,0,0,0,2,11,0,0
june,"DOWNTOWN WEST",253,0,6,20,19,5,201,2,0
june,"EAST HARRIET",14,0,0,0,0,3,10,1,0
june,"EAST ISLES",29,0,0,0,0,10,19,0,0
june,"EAST PHILLIPS",50,0,1,4,3,7,33,2,0
june,ECCO,12,0,1,0,0,3,8,0,0
june,"ELLIOT PARK",54,0,2,4,4,6,38,0,0
june,ERICSSON,10,0,0,1,1,3,3,2,0
june,FIELD,10,0,0,0,0,4,6,0,0
june,FOLWELL,38,1,1,4,6,14,11,1,0
june,FULTON,7,0,0,0,0,4,3,0,0
june,HALE,7,0,0,0,0,5,2,0,0
june,HARRISON,11,0,1,1,0,4,4,1,0
june,HAWTHORNE,53,0,2,3,8,8,25,6,1
june,HIAWATHA,25,0,0,0,0,8,16,0,1
june,HOLLAND,21,0,0,4,0,6,6,5,0
june,HOWE,22,0,0,2,1,7,12,0,0
june,JORDAN,65,1,0,8,7,16,27,4,2
june,KEEWAYDIN,14,0,0,0,0,8,6,0,0
june,KENNY,2,0,0,0,0,1,1,0,0
june,KENWOOD,21,0,0,1,0,7,13,0,0
june,"KING FIELD",27,0,0,0,1,8,15,3,0
june,"LIND - BOHANON",30,1,0,2,7,5,13,2,0
june,"LINDEN HILLS",12,0,0,0,0,4,8,0,0
june,"LOGAN PARK",8,0,0,0,0,4,4,0,0
june,LONGFELLOW,50,0,1,3,2,6,36,2,0
june,"LORING PARK",57,0,1,3,5,7,41,0,0
june,"LOWRY HILL",12,0,0,0,2,4,4,2,0
june,"LOWRY HILL EAST",62,0,0,3,1,6,51,1,0
june,LYNDALE,50,0,0,5,6,3,34,1,1
june,LYNNHURST,19,0,0,0,0,10,8,1,0
june,"MARCY HOLMES",33,0,0,0,1,10,21,1,0
june,"MARSHALL TERRACE",1,0,0,0,0,0,1,0,0
june,MCKINLEY,25,0,1,1,7,7,6,3,0
june,"MID - CITY INDUSTRIAL",7,0,0,0,0,3,2,2,0
june,"MIDTOWN PHILLIPS",53,0,1,6,4,2,32,5,3
june,MINNEHAHA,8,0,0,0,0,2,5,1,0
june,"MORRIS PARK",6,0,0,0,0,1,4,1,0
june,"NEAR - NORTH",77,0,0,9,7,12,47,2,0
june,"NICOLLET ISLAND - EAST BANK",10,0,0,0,0,0,10,0,0
june,"NORTH LOOP",36,0,2,2,1,1,28,2,0
june,"NORTHEAST PARK",16,0,0,0,0,4,12,0,0
june,NORTHROP,23,0,0,0,1,9,11,2,0
june,PAGE,4,0,0,0,0,0,4,0,0
june,"PHILLIPS WEST",25,0,2,4,1,3,11,4,0
june,"POWDERHORN PARK",56,0,0,4,2,10,39,1,0
june,"PROSPECT PARK - EAST RIVER ROAD",20,0,0,0,1,5,12,1,1
june,REGINA,9,0,0,0,1,5,2,1,0
june,SEWARD,51,0,1,5,2,14,27,1,1
june,SHERIDAN,15,0,1,1,0,6,6,1,0
june,"SHINGLE CREEK",9,0,0,0,0,3,5,1,0
june,"ST. ANTHONY EAST",8,0,0,1,0,4,3,0,0
june,"ST. ANTHONY WEST",8,0,0,0,0,1,6,1,0
june,STANDISH,21,0,1,1,0,3,13,3,0
june,"STEVENS SQUARE - LORING HEIGHTS",27,0,0,3,2,4,18,0,0
june,"SUMNER - GLENWOOD",14,0,0,2,1,2,8,1,0
june,TANGLETOWN,10,0,0,0,0,1,9,0,0
june,"UNIVERSITY OF MINNESOTA",8,0,0,0,0,1,7,0,0
june,"VENTURA VILLAGE",66,0,3,8,12,5,36,2,0
june,VICTORY,20,0,0,1,1,5,12,1,0
june,"WAITE PARK",17,0,0,2,2,4,8,1,0
june,"WEBBER - CAMDEN",35,0,0,3,8,8,11,3,2
june,WENONAH,16,0,1,1,2,6,5,1,0
june,"WEST CALHOUN",12,0,0,1,1,1,9,0,0
june,WHITTIER,90,0,1,11,3,11,61,3,0
june,"WILLARD - HAY",47,1,3,0,10,11,21,0,1
june,WINDOM,11,0,0,0,1,2,8,0,0
june,"WINDOM PARK",21,0,0,2,4,4,10,1,0
july,ARMATAGE,5,0,0,0,0,3,2,0,0
july,"AUDUBON PARK",18,0,0,1,0,7,9,1,0
july,BANCROFT,16,0,0,0,1,6,6,3,0
july,BELTRAMI,6,0,0,1,0,1,3,1,0
july,BOTTINEAU,15,0,1,1,0,5,8,0,0
july,BRYANT,9,0,0,1,0,2,3,3,0
july,"BRYN - MAWR",8,0,0,0,0,3,5,0,0
july,CARAG,41,0,0,4,2,9,24,2,0
july,"CEDAR - ISLES - DEAN",12,0,0,1,0,2,9,0,0
july,"CEDAR RIVERSIDE",30,0,0,5,2,1,18,3,1
july,CENTRAL,36,0,2,7,4,5,15,2,1
july,CLEVELAND,17,0,0,1,2,2,8,3,1
july,"COLUMBIA PARK",5,0,1,0,0,1,3,0,0
july,COMO,11,0,0,0,0,5,5,1,0
july,COOPER,14,0,0,0,1,4,8,1,0
july,CORCORAN,15,0,0,2,1,4,5,3,0
july,"DIAMOND LAKE",13,0,1,0,0,5,6,1,0
july,"DOWNTOWN EAST",27,0,1,0,2,4,19,1,0
july,"DOWNTOWN WEST",291,0,2,21,19,6,239,4,0
july,"EAST HARRIET",17,0,0,2,0,4,11,0,0
july,"EAST ISLES",35,0,0,0,0,8,26,1,0
july,"EAST PHILLIPS",42,0,0,4,6,2,26,4,0
july,ECCO,22,0,0,2,1,4,14,1,0
july,"ELLIOT PARK",50,0,2,4,4,3,35,2,0
july,ERICSSON,10,0,0,0,1,4,4,1,0
july,FIELD,3,0,0,1,0,0,2,0,0
july,FOLWELL,44,1,2,7,6,6,17,4,1
july,FULTON,22,0,0,0,0,7,12,3,0
july,HALE,10,0,0,2,0,2,5,1,0
july,HARRISON,24,0,0,4,1,5,14,0,0
july,HAWTHORNE,50,1,1,6,16,5,14,7,0
july,HIAWATHA,26,0,0,1,0,5,18,2,0
july,HOLLAND,14,0,0,2,0,3,8,1,0
july,HOWE,23,0,0,1,1,12,8,1,0
july,"HUMBOLDT INDUSTRIAL AREA",1,0,0,0,0,0,1,0,0
july,JORDAN,70,1,0,11,9,15,32,1,1
july,KEEWAYDIN,17,0,0,0,0,6,9,2,0
july,KENNY,5,0,0,0,0,2,3,0,0
july,KENWOOD,12,0,0,0,0,5,7,0,0
july,"KING FIELD",22,0,0,0,2,4,15,0,1
july,"LIND - BOHANON",32,0,0,8,5,3,12,2,2
july,"LINDEN HILLS",28,0,0,0,1,6,20,1,0
july,"LOGAN PARK",6,0,0,1,0,0,5,0,0
july,LONGFELLOW,71,0,0,8,4,10,45,4,0
july,"LORING PARK",46,0,1,5,2,1,36,1,0
july,"LOWRY HILL",14,0,1,1,0,2,10,0,0
july,"LOWRY HILL EAST",51,0,0,3,1,5,40,2,0
july,LYNDALE,61,0,0,5,5,9,37,5,0
july,LYNNHURST,15,0,0,0,0,6,8,1,0
july,"MARCY HOLMES",49,0,2,2,3,7,33,2,0
july,"MARSHALL TERRACE",7,0,0,0,0,2,4,1,0
july,MCKINLEY,35,1,2,1,8,9,11,3,0
july,"MID - CITY INDUSTRIAL",8,0,0,0,0,1,5,2,0
july,"MIDTOWN PHILLIPS",57,0,0,2,5,8,37,5,0
july,MINNEHAHA,10,0,0,0,0,4,5,1,0
july,"MORRIS PARK",7,0,0,0,1,2,3,1,0
july,"NEAR - NORTH",62,0,2,7,7,11,34,1,0
july,"NICOLLET ISLAND - EAST BANK",17,0,0,1,0,2,14,0,0
july,"NORTH LOOP",52,0,1,2,5,6,35,3,0
july,"NORTHEAST PARK",15,0,0,1,1,1,12,0,0
july,NORTHROP,17,0,0,0,1,5,10,1,0
july,PAGE,6,0,0,0,1,2,3,0,0
july,"PHILLIPS WEST",28,0,0,3,3,3,17,2,0
july,"POWDERHORN PARK",50,0,0,10,0,10,28,2,0
july,"PROSPECT PARK - EAST RIVER ROAD",21,0,0,0,0,2,19,0,0
july,REGINA,4,0,0,0,0,3,0,0,1
july,SEWARD,39,0,1,4,2,3,25,4,0
july,SHERIDAN,18,0,0,0,1,6,10,1,0
july,"SHINGLE CREEK",10,0,0,0,1,1,7,1,0
july,"ST. ANTHONY EAST",7,0,0,0,0,3,4,0,0
july,"ST. ANTHONY WEST",15,0,0,0,2,6,5,2,0
july,STANDISH,21,0,0,1,0,8,9,3,0
july,"STEVENS SQUARE - LORING HEIGHTS",24,0,2,2,1,2,17,0,0
july,"SUMNER - GLENWOOD",14,0,0,1,0,4,6,3,0
july,TANGLETOWN,14,0,0,0,2,2,9,1,0
july,"UNIVERSITY OF MINNESOTA",17,0,1,0,0,0,16,0,0
july,"VENTURA VILLAGE",48,0,1,11,6,4,26,0,0
july,VICTORY,17,0,0,1,1,3,11,1,0
july,"WAITE PARK",12,0,0,1,0,4,6,1,0
july,"WEBBER - CAMDEN",32,0,0,5,7,12,8,0,0
july,WENONAH,8,0,0,0,0,3,4,1,0
july,"WEST CALHOUN",8,0,0,0,0,1,7,0,0
july,WHITTIER,101,0,0,10,8,13,66,4,0
july,"WILLARD - HAY",46,0,0,7,9,5,22,1,2
july,WINDOM,13,0,0,0,2,1,9,1,0
july,"WINDOM PARK",15,0,0,1,1,4,7,2,0
august,ARMATAGE,4,0,0,0,1,2,1,0,0
august,"AUDUBON PARK",17,0,1,0,1,1,13,1,0
august,BANCROFT,20,0,0,1,0,6,9,4,0
august,BELTRAMI,9,0,0,1,0,3,3,2,0
august,BOTTINEAU,16,0,0,2,1,2,9,2,0
august,BRYANT,12,0,0,0,1,3,6,2,0
august,"BRYN - MAWR",8,0,0,0,1,2,5,0,0
august,"CAMDEN INDUSTRIAL",3,0,0,1,0,1,1,0,0
august,CARAG,34,0,0,1,1,5,24,3,0
august,"CEDAR - ISLES - DEAN",35,0,0,0,0,8,27,0,0
august,"CEDAR RIVERSIDE",28,0,0,5,3,3,16,1,0
august,CENTRAL,42,0,0,3,4,6,25,4,0
august,CLEVELAND,23,0,0,5,3,4,5,6,0
august,"COLUMBIA PARK",8,0,0,1,0,1,6,0,0
august,COMO,18,0,1,1,1,6,7,2,0
august,COOPER,26,0,0,0,0,8,16,2,0
august,CORCORAN,12,0,0,3,0,2,7,0,0
august,"DIAMOND LAKE",10,0,0,1,0,0,9,0,0
august,"DOWNTOWN EAST",13,0,0,0,0,2,11,0,0
august,"DOWNTOWN WEST",253,0,6,20,19,5,201,2,0
august,"EAST HARRIET",14,0,0,0,0,3,10,1,0
august,"EAST ISLES",29,0,0,0,0,10,19,0,0
august,"EAST PHILLIPS",50,0,1,4,3,7,33,2,0
august,ECCO,12,0,1,0,0,3,8,0,0
august,"ELLIOT PARK",54,0,2,4,4,6,38,0,0
august,ERICSSON,10,0,0,1,1,3,3,2,0
august,FIELD,10,0,0,0,0,4,6,0,0
august,FOLWELL,38,1,1,4,6,14,11,1,0
august,FULTON,7,0,0,0,0,4,3,0,0
august,HALE,7,0,0,0,0,5,2,0,0
august,HARRISON,11,0,1,1,0,4,4,1,0
august,HAWTHORNE,53,0,2,3,8,8,25,6,1
august,HIAWATHA,25,0,0,0,0,8,16,0,1
august,HOLLAND,21,0,0,4,0,6,6,5,0
august,HOWE,22,0,0,2,1,7,12,0,0
august,JORDAN,65,1,0,8,7,16,27,4,2
august,KEEWAYDIN,14,0,0,0,0,8,6,0,0
august,KENNY,2,0,0,0,0,1,1,0,0
august,KENWOOD,21,0,0,1,0,7,13,0,0
august,"KING FIELD",27,0,0,0,1,8,15,3,0
august,"LIND - BOHANON",30,1,0,2,7,5,13,2,0
august,"LINDEN HILLS",12,0,0,0,0,4,8,0,0
august,"LOGAN PARK",8,0,0,0,0,4,4,0,0
august,LONGFELLOW,50,0,1,3,2,6,36,2,0
august,"LORING PARK",57,0,1,3,5,7,41,0,0
august,"LOWRY HILL",12,0,0,0,2,4,4,2,0
august,"LOWRY HILL EAST",62,0,0,3,1,6,51,1,0
august,LYNDALE,50,0,0,5,6,3,34,1,1
august,LYNNHURST,19,0,0,0,0,10,8,1,0
august,"MARCY HOLMES",33,0,0,0,1,10,21,1,0
august,"MARSHALL TERRACE",1,0,0,0,0,0,1,0,0
august,MCKINLEY,25,0,1,1,7,7,6,3,0
august,"MID - CITY INDUSTRIAL",7,0,0,0,0,3,2,2,0
august,"MIDTOWN PHILLIPS",53,0,1,6,4,2,32,5,3
august,MINNEHAHA,8,0,0,0,0,2,5,1,0
august,"MORRIS PARK",6,0,0,0,0,1,4,1,0
august,"NEAR - NORTH",77,0,0,9,7,12,47,2,0
august,"NICOLLET ISLAND - EAST BANK",10,0,0,0,0,0,10,0,0
august,"NORTH LOOP",36,0,2,2,1,1,28,2,0
august,"NORTHEAST PARK",16,0,0,0,0,4,12,0,0
august,NORTHROP,23,0,0,0,1,9,11,2,0
august,PAGE,4,0,0,0,0,0,4,0,0
august,"PHILLIPS WEST",25,0,2,4,1,3,11,4,0
august,"POWDERHORN PARK",56,0,0,4,2,10,39,1,0
august,"PROSPECT PARK - EAST RIVER ROAD",20,0,0,0,1,5,12,1,1
august,REGINA,9,0,0,0,1,5,2,1,0
august,SEWARD,51,0,1,5,2,14,27,1,1
august,SHERIDAN,15,0,1,1,0,6,6,1,0
august,"SHINGLE CREEK",9,0,0,0,0,3,5,1,0
august,"ST. ANTHONY EAST",8,0,0,1,0,4,3,0,0
august,"ST. ANTHONY WEST",8,0,0,0,0,1,6,1,0
august,STANDISH,21,0,1,1,0,3,13,3,0
august,"STEVENS SQUARE - LORING HEIGHTS",27,0,0,3,2,4,18,0,0
august,"SUMNER - GLENWOOD",14,0,0,2,1,2,8,1,0
august,TANGLETOWN,10,0,0,0,0,1,9,0,0
august,"UNIVERSITY OF MINNESOTA",8,0,0,0,0,1,7,0,0
august,"VENTURA VILLAGE",66,0,3,8,12,5,36,2,0
august,VICTORY,20,0,0,1,1,5,12,1,0
august,"WAITE PARK",17,0,0,2,2,4,8,1,0
august,"WEBBER - CAMDEN",35,0,0,3,8,8,11,3,2
august,WENONAH,16,0,1,1,2,6,5,1,0
august,"WEST CALHOUN",12,0,0,1,1,1,9,0,0
august,WHITTIER,90,0,1,11,3,11,61,3,0
august,"WILLARD - HAY",47,1,3,0,10,11,21,0,1
august,WINDOM,11,0,0,0,1,2,8,0,0
august,"WINDOM PARK",21,0,0,2,4,4,10,1,0
september,ARMATAGE,8,0,1,0,0,2,5,0,0
september,"AUDUBON PARK",12,0,0,1,0,3,8,0,0
september,BANCROFT,8,0,0,1,0,1,5,1,0
september,BELTRAMI,4,0,0,0,0,0,4,0,0
september,BOTTINEAU,11,0,0,1,0,2,8,0,0
september,BRYANT,13,0,0,2,0,6,3,2,0
september,"BRYN - MAWR",7,0,0,0,0,3,4,0,0
september,"CAMDEN INDUSTRIAL",1,0,0,0,0,0,1,0,0
september,CARAG,25,0,0,0,1,9,14,1,0
september,"CEDAR - ISLES - DEAN",14,0,0,0,0,7,6,1,0
september,"CEDAR RIVERSIDE",39,0,0,4,2,3,26,3,1
september,CENTRAL,24,0,0,3,2,3,14,2,0
september,CLEVELAND,15,0,0,2,0,6,4,3,0
september,"COLUMBIA PARK",7,0,0,0,0,4,2,1,0
september,COMO,19,0,1,2,0,5,9,2,0
september,COOPER,12,0,0,0,0,4,8,0,0
september,CORCORAN,18,0,0,1,0,2,13,1,1
september,"DIAMOND LAKE",12,0,0,0,1,5,6,0,0
september,"DOWNTOWN EAST",9,0,0,0,1,0,8,0,0
september,"DOWNTOWN WEST",261,0,5,20,17,6,201,12,0
september,"EAST HARRIET",17,0,0,0,0,6,10,1,0
september,"EAST ISLES",20,0,0,1,0,3,13,3,0
september,"EAST PHILLIPS",33,1,0,11,1,5,14,1,0
september,ECCO,15,0,0,0,0,4,10,1,0
september,"ELLIOT PARK",32,0,0,2,3,0,20,7,0
september,ERICSSON,19,0,0,0,1,5,7,6,0
september,FIELD,5,0,0,0,0,1,4,0,0
september,FOLWELL,39,0,0,3,12,9,12,2,1
september,FULTON,9,0,0,0,0,1,7,1,0
september,HALE,5,0,0,0,0,2,3,0,0
september,HARRISON,16,0,1,0,3,5,6,1,0
september,HAWTHORNE,41,0,2,2,15,8,13,1,0
september,HIAWATHA,17,0,1,2,1,2,11,0,0
september,HOLLAND,22,1,1,4,0,5,7,4,0
september,HOWE,16,0,1,1,0,5,8,1,0
september,JORDAN,64,2,2,9,9,13,22,6,1
september,KEEWAYDIN,15,0,0,1,1,2,11,0,0
september,KENNY,7,0,0,0,0,4,3,0,0
september,KENWOOD,2,0,0,0,0,1,1,0,0
september,"KING FIELD",26,0,0,0,2,4,16,4,0
september,"LIND - BOHANON",19,0,0,3,1,8,4,1,2
september,"LINDEN HILLS",13,0,0,2,0,2,8,1,0
september,"LOGAN PARK",13,0,0,1,1,4,7,0,0
september,LONGFELLOW,64,0,0,5,5,6,45,3,0
september,"LORING PARK",60,0,0,3,3,10,40,4,0
september,"LOWRY HILL",23,0,0,2,0,4,12,4,1
september,"LOWRY HILL EAST",71,0,0,3,1,14,47,6,0
september,LYNDALE,34,0,0,3,1,1,28,1,0
september,LYNNHURST,6,0,0,1,0,3,2,0,0
september,"MARCY HOLMES",69,0,4,4,2,11,40,8,0
september,"MARSHALL TERRACE",12,0,1,1,1,3,4,2,0
september,MCKINLEY,19,0,1,3,4,4,5,1,1
september,"MID - CITY INDUSTRIAL",3,0,0,0,0,0,3,0,0
september,"MIDTOWN PHILLIPS",39,0,0,8,3,5,19,4,0
september,MINNEHAHA,12,0,0,1,1,2,8,0,0
september,"MORRIS PARK",6,0,0,1,0,1,2,2,0
september,"NEAR - NORTH",61,0,2,8,4,5,37,5,0
september,"NICOLLET ISLAND - EAST BANK",14,0,1,0,1,1,11,0,0
september,"NORTH LOOP",38,0,0,3,0,2,32,1,0
september,"NORTHEAST PARK",11,0,1,0,0,1,6,2,1
september,NORTHROP,9,0,1,0,0,2,5,1,0
september,PAGE,4,0,0,0,0,2,1,1,0
september,"PHILLIPS WEST",23,0,1,4,2,1,14,1,0
september,"POWDERHORN PARK",45,0,0,8,3,4,26,4,0
september,"PROSPECT PARK - EAST RIVER ROAD",35,0,1,0,0,6,26,2,0
september,REGINA,7,0,0,0,0,2,5,0,0
september,SEWARD,46,0,2,2,2,19,18,2,1
september,SHERIDAN,9,0,1,1,0,3,3,1,0
september,"SHINGLE CREEK",13,0,0,0,1,4,3,5,0
september,"ST. ANTHONY EAST",1,0,0,0,0,0,1,0,0
september,"ST. ANTHONY WEST",7,0,0,1,0,1,5,0,0
september,STANDISH,34,0,0,0,3,8,20,3,0
september,"STEVENS SQUARE - LORING HEIGHTS",22,0,0,2,1,3,15,1,0
september,"SUMNER - GLENWOOD",5,0,0,1,1,2,1,0,0
september,TANGLETOWN,26,0,0,0,0,6,19,1,0
september,"UNIVERSITY OF MINNESOTA",8,0,0,0,0,1,6,1,0
september,"VENTURA VILLAGE",42,0,0,12,3,4,18,5,0
september,VICTORY,17,0,0,1,1,7,4,4,0
september,"WAITE PARK",10,0,0,0,1,3,6,0,0
september,"WEBBER - CAMDEN",29,0,1,3,3,10,8,3,1
september,WENONAH,20,0,0,1,2,6,10,1,0
september,"WEST CALHOUN",8,0,0,0,0,2,6,0,0
september,WHITTIER,77,0,0,7,6,9,48,7,0
september,"WILLARD - HAY",43,0,0,7,5,7,15,5,4
september,WINDOM,19,0,0,1,0,6,11,1,0
september,"WINDOM PARK",11,0,0,0,0,2,9,0,0
ytd,ARMATAGE,51,0,1,1,3,18,26,2,0
ytd,"AUDUBON PARK",144,0,2,9,6,46,69,12,0
ytd,BANCROFT,106,0,1,5,3,41,40,15,1
ytd,BELTRAMI,56,0,0,2,2,15,28,9,0
ytd,BOTTINEAU,86,0,1,5,1,21,52,5,1
ytd,BRYANT,87,0,2,10,6,26,32,11,0
ytd,"BRYN - MAWR",77,0,0,1,2,23,46,5,0
ytd,"CAMDEN INDUSTRIAL",17,0,0,4,0,4,9,0,0
ytd,CARAG,243,0,2,17,6,56,153,9,0
ytd,"CEDAR - ISLES - DEAN",124,0,0,3,3,28,88,2,0
ytd,"CEDAR RIVERSIDE",276,0,6,38,23,22,155,30,2
ytd,CENTRAL,296,0,6,39,33,44,149,22,3
ytd,CLEVELAND,147,0,1,21,22,31,49,22,1
ytd,"COLUMBIA PARK",45,0,1,1,1,16,23,3,0
ytd,COMO,137,0,4,5,4,35,75,14,0
ytd,COOPER,93,0,0,2,3,29,55,4,0
ytd,CORCORAN,190,0,3,26,9,36,105,10,1
ytd,"DIAMOND LAKE",103,0,1,4,4,31,58,5,0
ytd,"DOWNTOWN EAST",107,0,3,0,6,16,80,2,0
ytd,"DOWNTOWN WEST",2309,0,35,151,136,57,1884,46,0
ytd,"EAST HARRIET",95,0,1,2,0,28,62,2,0
ytd,"EAST ISLES",191,0,1,5,4,35,134,11,1
ytd,"EAST PHILLIPS",317,2,4,64,35,48,144,20,0
ytd,ECCO,159,0,1,5,1,41,107,4,0
ytd,"ELLIOT PARK",380,1,9,29,39,32,237,33,0
ytd,ERICSSON,97,0,1,2,5,28,48,13,0
ytd,FIELD,60,0,0,3,2,30,24,1,0
ytd,FOLWELL,351,2,10,50,60,90,105,30,4
ytd,FULTON,90,0,0,1,2,30,51,6,0
ytd,HALE,45,0,0,2,0,23,17,3,0
ytd,HARRISON,169,0,4,10,21,49,61,19,5
ytd,HAWTHORNE,417,1,7,42,85,63,164,49,6
ytd,HIAWATHA,176,0,2,7,1,45,115,4,2
ytd,HOLLAND,169,1,3,15,12,32,84,22,0
ytd,HOWE,157,2,1,5,7,68,65,8,1
ytd,"HUMBOLDT INDUSTRIAL AREA",5,0,0,0,1,0,3,1,0
ytd,JORDAN,581,7,11,75,90,117,237,36,8
ytd,KEEWAYDIN,92,0,0,2,1,24,59,4,2
ytd,KENNY,30,0,0,0,1,15,13,1,0
ytd,KENWOOD,61,0,0,1,0,26,33,1,0
ytd,"KING FIELD",165,1,0,3,11,56,81,12,1
ytd,"LIND - BOHANON",221,1,6,22,32,45,83,28,4
ytd,"LINDEN HILLS",116,0,1,2,1,31,77,4,0
ytd,"LOGAN PARK",73,0,2,5,3,13,48,2,0
ytd,LONGFELLOW,455,2,6,27,23,67,309,20,1
ytd,"LORING PARK",403,0,6,32,29,38,278,20,0
ytd,"LOWRY HILL",111,0,1,4,2,23,72,8,1
ytd,"LOWRY HILL EAST",414,0,1,16,7,55,313,22,0
ytd,LYNDALE,333,0,4,32,24,41,205,26,1
ytd,LYNNHURST,75,0,0,2,1,36,34,2,0
ytd,"MARCY HOLMES",368,0,14,15,10,59,234,36,0
ytd,"MARSHALL TERRACE",53,0,1,1,3,11,27,10,0
ytd,MCKINLEY,199,2,6,15,30,57,63,22,4
ytd,"MID - CITY INDUSTRIAL",56,0,0,0,2,11,33,10,0
ytd,"MIDTOWN PHILLIPS",361,0,11,39,27,42,209,29,4
ytd,MINNEHAHA,102,0,1,6,2,22,63,8,0
ytd,"MORRIS PARK",40,0,2,2,4,10,16,6,0
ytd,"NEAR - NORTH",582,1,13,65,71,83,306,40,3
ytd,"NICOLLET ISLAND - EAST BANK",105,0,1,4,1,7,87,5,0
ytd,"NORTH LOOP",326,1,3,17,20,17,252,16,0
ytd,"NORTHEAST PARK",112,0,2,4,4,12,83,6,1
ytd,NORTHROP,115,0,3,3,9,37,56,6,1
ytd,PAGE,35,0,1,0,1,13,19,1,0
ytd,"PHILLIPS WEST",220,0,3,29,16,21,127,23,1
ytd,"POWDERHORN PARK",432,0,10,71,29,69,219,34,0
ytd,"PROSPECT PARK - EAST RIVER ROAD",208,0,3,6,4,39,129,26,1
ytd,REGINA,66,0,1,5,1,27,29,2,1
ytd,SEWARD,354,0,7,31,20,99,177,18,2
ytd,SHERIDAN,95,0,2,3,3,39,42,6,0
ytd,"SHINGLE CREEK",82,0,1,3,4,28,31,14,1
ytd,"ST. ANTHONY EAST",50,0,0,4,0,16,27,3,0
ytd,"ST. ANTHONY WEST",65,0,2,6,2,21,30,4,0
ytd,STANDISH,185,0,3,10,5,71,76,20,0
ytd,"STEVENS SQUARE - LORING HEIGHTS",188,1,5,16,17,18,123,8,0
ytd,"SUMNER - GLENWOOD",65,0,0,7,6,13,29,10,0
ytd,TANGLETOWN,122,0,0,3,9,30,76,4,0
ytd,"UNIVERSITY OF MINNESOTA",74,0,1,2,2,5,59,5,0
ytd,"VENTURA VILLAGE",388,0,11,84,36,43,184,27,3
ytd,VICTORY,134,0,3,6,9,41,62,12,1
ytd,"WAITE PARK",91,0,0,6,5,31,41,8,0
ytd,"WEBBER - CAMDEN",290,0,3,42,50,85,83,23,4
ytd,WENONAH,104,0,4,7,12,24,52,4,1
ytd,"WEST CALHOUN",59,0,0,1,1,11,45,1,0
ytd,WHITTIER,702,1,12,66,53,90,430,47,3
ytd,"WILLARD - HAY",385,1,9,51,75,71,128,41,9
ytd,WINDOM,141,0,2,3,14,31,83,8,0
ytd,"WINDOM PARK",126,0,1,6,14,31,68,6,0
